N°;NOMBRE;DIRECCIÓN;TELÉFONO;FAX;RFC;CORREO;WEB;CONTACTO;PUESTO CONTACTO;TÉLEFONO CONTACTO;MOVIL CONTACTO;CORREO CONTACTO;TELÉFONO ALTERNO 1;TELÉFONO ALTERNO 2;CANTIDADES COMPRADAS; CANTIDADES EN $  
1;AUTOMOTRIZ LOMAS VERDES, S.A. DE C.V.;LOMAS VERDES 557, LOMAS VERDES, NAUCALPAN, EDO. DE MEX.;5343-2122;5343-2122,5343-1633;ALV850612PHG;;;;;;;;5343-1633;;1;87.575,60
2;AUTOBASA DE LAGOS, S.A. DE C.V.;FELIX RAMIREZ RENTERIA No. 1022 COL. PUEBLO DE MOYA C.P. 47430, LAGOS DE MORENO, JAL.;01 (474) 742-3250;01 (474) 742-3250,01 (474) 742-3418;ALA861130F94;;;;;;;;01 (474) 742-3418;;1;110.000,00
3;AVANCES TECNOLOGICOS EN TELECOMUNICACIONES, S.A. DE C.V.;AV. INSTITUTO TECNICO INDUSTRIAL No. 5, 2o. PISO COL. SANTA MARIA LA RIBERA, DELEG. CUAUHTEMOC, C.P. 06400 MEXICO D.F.;5233-6271;5233-6271,5566-3090;ATT9712091R3;;www.avancestecnologicos.com.mx;;;;;;5566-3090;;1;99.200,00
4;SONI AUTOMOTORES, S.A. DE C.V.;AV. AQUILES SERDAN No. 1351-A EL ROSARIO AZCAPOTZALCO C.P. 02430, MEXICO D.F.;5394-1222;5394-8985;SAU860515TJA;;;;;;;;5394-1526;5394-1824,5394-1825;1;89.652,20
5;AUTOMOTRIZ CENTRAL DE MEXICO, S.A. DE C.V.;AV. INSURGENTES SUR No. 1468, COL. DEL VALLE, C.P. 03100 DELEG. BENITO JUAREZ, MEXICO, D.F.;1087-4010;5524-6840,5534-9735;ACM850712MW2;nisanaut@supernet.com.mx;www.nissanmanacar.com.mx;;;;;;;;1;92.568,70
6;OTHONIEL MARQUEZ ACEVEDO;CALLE 15 PONIENTE Nª. 1000 A FRACC. CONCORDIA TEHUACAN, PUE.;123827516;;MAA-78030232;;;;;;;;;;1;135.000,00
7;AUTOMOTORES CANCÚN, S.A. DE C.V.;BOULEVARD LUIS DONALDO COLOSIO, MZA. 5, LOTE 1. SMZ. 310;(01 998) 848 8930;;ACA830901ML5;;;ARTURO MARTÍNEZ CRUZ;;;;;;;1;123.273,00
8;PLASENCIA DE NAYARIT, S.A. DE C.V.;AV. INSURGENTES 752 PTE. COL. EL RODEO , TEPIC, NAYARIT, C.P. 63060;216 38 00;212 26 37;PNA-980928194;;;;;;;;216 24 85;216 24 75;1;140.870,00
9;TECNOPESCA MEXICANA S.A. DE C.V.;AV. FUERZA AEREA MEXICANA No. 310-A C.P. 15730 MEXICO, D.F.;5762-7788;5762-0366;TME810331CF2;;;;;;;;5562-7997;5762-7312;2;119.483,00
10;LANCHAS Y MOTORES DE MEXICO, S.A.;PIRINEOS No. 142-C COL. PORTALES C.P. 03300, MEXICO D.F.;5605-0418;5605-0418,5605-9517;LMM601011V54;;;;;;;;5605-9517;;2;265.025,00
11;AUTOMOTRIZ AJUSCO, S.A. DE C.V.;AZUCENA No. 2, ESQ. DILIGENCIAS, COL. SAN PEDRO MARTIR C.P. 14650, DELEG. TLALPAN, MEXICO, D.F.;5655-5000;5655-5000;AAJ841112SE9;;;;;;;;;;2;190.274,00
12;GONZALEZ R. AUTOMOTRIZ, S.A. DE C.V.;BLVD. LUIS ENCINAS J. Y REFORMA COL. VALLE HERMOSO, HERMOSILLO, SON. C.P. 83200, AP. 164;01 ( ) 289-1400;01 ( ) 289-1400,01 ( ) 289-1401;GRA880621E6A;gonzalezautomotriz@dchrysler.com.mx;;;;;;;01 ( ) 289-1401;;2;418.956,00
13;LA PROVEEDORA COMPAÑÍA DE AUTOMOVILES S.A. DE C.V.;RIO PO No. 93 COL. CUAUHTEMOC, C.P. 06500, MEXICO D.F.;5207-2201;5207-2201;PAU841126K65;;;;;;;;;;2;373.000,00
14;LECTA CONSTRUCCIONES, S.A. DE C.V.;TEZOZOMOC NO. 130 A COL. ALTARES, HERMOSILLO, SONORA;6622549288;6622549288;LCO0402201X3;;;LEDEZMA;REPRESENTANTE LEGAL;;;;;;2;519.000,00
15;CRUCES DE TABASCO, S.A. DE C.V.;AV. 16 DE SEPTIEMBRE, ESQ. PROLONGACION LA CEIBA NO. 103 COL. 1 DE MAYO, C.P. 86190 VILLAHERMOSA, TABASCO;01 (993) 3104800;01 (993) 3150922;CTA851219C88;;;;;;;;;;2;362.721,00
16;GINZA AUTOMOTORES, S.A DE C.V.;BLVD. DR. BELISARIO DOMINGUEZ KM. 1083;19616187500;;GAU851219-3C;;;ALFREDO NAVARRO ARAUJO;GERENTE GENERAL;6026655;;;;;2;211.304,00
17;VEHÍCULOS DE GUANAJUATO, S.A. DE C.V.;CARR. GUANAJUATO - JUVENTINO ROSAS, KM. 5.5, GUANAJUATO, GTO. C.P. 36250;(01 473) 735 3100;;VGU811110LUA;;;JOSÉ ANTONIO CABELLO VEGA;;;;;;;2;304.782,00
18;BANCO NACIONAL DE MEXICO S.A. FIDEICOMISO ARRECIFES DE LA COSTA OCC DE IMPCPN;AV. TULUM NUM. 19 SM. 5 CANCUN Q. ROO;883-26-00;;BNM960724-397;;;;;;;;;;2;295.728,00
19;SCIENTIFIC EQUIPMENT DE MEXICO, S.A. DE C.V.;CALLE MIGUEL CABRERA No. MODULO 2 NUEVA OTAY TIJUANA, B. CALIFORNIA;472724;234-109;SEM810414N68;;;;;;;;472722;;3;71.209,10
20;INDUSTRIAS TONALY, S.A. DE C.V.;LEANDRO VALLE SUR No. 24-A COL. MELCHOR OCAMPO C.P. 61503 H. ZITACUARO, MICH.;01 (715) 153-8402;01 (715) 153-1192;ITO880628MK9;;;;;;;;;;3;495.629,00
21;YAMAHA, DISTRIBUIR AUTORIZADO, RAMON OLVERA VELASCO;FORJADORES No. 3112, CALLE 2 Y ALAMO, LA PAZ B.C.S.;01 (612) 125-3711;01 (612) 125-3711;OEVR421006436;;;;;;;;01 (612) 122-5700;;3;249.146,00
22;SEESA TELECOMUNICACIONES, S.A DE C.V.;TUXPAN 69, COL. ROMA SUR, DELEGACIÒN CUAUHTEMOC MEXICO, D.F. CP. 06760;01558589-8600 AL 05;55+91125950;STE9408317K0;;WW.VIDEOCONFERENCIAS.COM.MX;MARLEN SABINO SANCHEZ;REPRESENTANTE LEGAL;;;;;;3;327.098,00
23;MOTOCICLETAS Y BICICLETAS DE SATELITE, S.A. DE C.V.;AV. SOR JUANA INEZ DE LA CRUZ No. 157, TLALNEPANTLA EDO. DE MEX.;5390-8824;5565-0044;MBS900919GKA;;;JOSE A. ESCOBAR ALVAREZ;GERENTE DE VENTAS;;;;5390-8824;5390-8717;4;86.548,00
24;INDUSTRIA MEXICANA DE EQUIPO MARINO, S.A. DE C.V.;XOLA 1152, COL. DEL VALLE C.P. 03100 MEXICO D.F.;5639-6580;5639-0562;IME7305073A1;;;;;;;;5639-7580;5639-8580;4;73.047,50
25;JR INTERCONTROL, S.A. DE C.V.;BLVD. MANUEL AVILA CAMACHO No. 374 COL. SAN FRANCISCO CUAUTLALPAN C.P. 53560, NAUCALPAN EDO. DE MEX.;5359-0223;5359-3866;JRI840903AF3;www.jrintercontrol.com.mx;jrinter@acnet.net;;;;;;;;4;92.714,10
26;SERVICIOS ESPECIALES DE VENTAS AUTOMOTRICES, S.A. DE C.V.;ALFONSO ESPARZA OTEO 67, COL. GUADALUPE INN, DELEG. ALVARO OBREGON, C.P. 01020 MEXICO, D.F.;5661-6655;5661-6655,5661-5779;SEV820427NI4;;;;;;;;5661-5779;;4;380.474,00
27;ALDEN TLALPAN S.A. DE C.V.;CALZ. DE TLALPAN # 2169;54841500;;ALDENTLALPA;;;;;;;;;;4;604.044,00
28;CHEVROLET DEL CARIBE, S.A. DE C.V.;AV. CHICHEN ITZA MZ-100 LT-6 INT-2 LIB. KABAH, S.M. 38;(01998) 8 8656 73;;CCA821213HU6;;;JOSE LUIS PEÑA VILLAREAL;;;;;;;4;718.200,00
29;CRISOSTOMO BAHENA JAIR;CALLE 10 LOTE 19-1 SMZ. 61 C.P. 77514 CANCUN Q. ROO;S/N;;CIBJ832131S8;;;;;;;;S/N;;4;68.000,00
30;COMPACTOS ORIENTALES, S.A. DE C.V.;AV. UNIVERSIDAD 1046, COL. GRAL. PEDRO MA. ANAYA, DELEG. BENITO JUAREZ C.P. 03340, MEXICO D.F.;5604-8207;5688-1932;COR660716SG2;;;;;;;;5604-8253;5604-8294;5;464.577,00
31;CONTINENTAL AUTOMOTRIZ, S.A. DE C.V.;AV. LIC. BENITO JUAREZ No. 1556, METEPEC, MEXICO C.P. 52140;5216-1122;5216-0977;CAU8610017F5;;;;;;;;5216-1379;;5;680.428,00
32;INTEGRADORA DE TECNOLOGIA, S.A. DE C.V.;CAMINO AL DESIERTO DE LOS LEONES No. 35 INT. 3-P COL. SAN ANGEL INN C.P. 01000, MEXICO, D.F.;5481-1800;5481-1870;ITE9701222Q9;;www.integradores.com.mx;;;;;;;;5;144.390,00
33;SISTEMAS DE INTERMEDIACION DE MEXICO, S.A. DE C.V.;CALLE SUR 112 No. 104, COL. COVE DELELG. ALVARO OBREGON C.P. 01120 MEXICO, D.F.;5272-3339;5272-3339,5272-6156;SIM980609BX6;;;;;;;;5272-6156;;5;63.285,00
34;HS SOLUCIONES Y SISTEMAS INTEGRALES, S.A. DE C.V.;VIENA No. 175 DEPTO. 4 COL. DEL CARMEN C.P. 04100, DELEG. COYOACAN, MEXICO, D.F.;5339-6380;5339-6380;HSS040928EP2;hsoluciones@prodigy.net.mx;;;;;;;;;5;68.375,00
35;AUTOS KINO, S.A. DE C.V.;BLVD. KINO Y CALLE ALVARADO, COL. PITIC, HERMOSILLO, SONORA;6622892500;6622892502;AKI890707919;;;ERICK VALENCIA;EJECUTIVO DE VENTAS;;;;;;5;578.869,00
36;LA PROVEDORA, COMPAÑIA DE AUTOMOVILES, S.A. DE C.V.;RIO PO, NUM. 93, COLONIA CUAUHTEMOC, C.P. 06500, MEXICO, D.F.;5207-2201;;PAU841126K65;;;;;;;;5207-2201;;5;841.000,00
37;PRODUCTOS COMERCIALES MUNDIALES, S.A. DE C.V.;CALIFORNIA 19-103-B PARQUE SAN ANDRES C.P. 04040 COYOACAN. MEXICO D.F.;;;PCM980722SE9;;;;;;;;;;6;67.411,00
38;AUTOCAMIONES DE GUERRERO, S.A. DE C.V.;CARRETERA NACIONAL Y PERIFERICO S/N, COL CENTRO IGUALA, GUERRERO, C.P. 40000;01 (733) 332-2418;01 (733) 332-9150;ACG8501151Q7;;WWW.FORDCEVER.COM.MX;;;;;;01 (733) 332-2171;01 (733) 332-9140;6;891.304,00
39;ECATEPEC AUTOMOTRIZ, S.A. DE C.V.;VIA MORELOS No. 161 KM. 20.5 CARRETERA LIBRE MEXICO-PACHUCA, C.P. 55080, ECATEPEC, EDO. DE MEX.;5770-0121;5787-4977;EAU840309641;;;;;;;;;;7;1.192.000,00
40;AUTO CAM, S.A. DE C.V.;PASEO CUAUHNAHUAC No. 818 COL. BUGAMBILIAS, C.P. 62468 CUERNAVACA, MOR.;01 (777) 320-1098;01 (777) 320-4813;ACA900126DM8;ventas@autocam.com.mx;;;;;;;;;7;855.700,00
41;FUJI AUTOMOTRIZ, S.A. DE C.V.;CALZADA ERMITA IZTAPALAPA 848 COL. MINERVA C.P. 09810, MEXICO D.F.;5685-3554;5685-1804;FAU810615SI8;;;;;;;;5685-2523;5685-1913;7;914.978,00
42;AUTOKASA VIADUCTO, S.A. DE C.V.;VIADUCTO PIEDAD NO. 21 ESQ. LA VIGA, COL. STA. ANITA IZTACALCO, C.P. 08200, MEXICO, D.F.;5325-0902;5325-0902;AVI890830SH2;;;;;;;;;;8;902.042,00
43;SUMINISTROS INDUSTRIALES ALLEN, S.A. DE C.V.;MANZANILLO 135, COL. ROMA SUR C.P. 06760 MEXICO D.F.;5574-0520;5564-4195;SIA7906282S4;;;;;;;;5574-4256;;8;62.053,90
44;CHEVROLET AGUINACO Y COMPAÑÍA, S.A. DE C.V.;SUPER AVENIDA LOMAS VERDES 680 GRACCIONAMIENTO LOMAS VERDES 2a. SECCION , NAUCALPAN DE JUAREZ, EDO. DE MEX.;5343-2472;5343-8223;CAG901016B35;;;;;;;;5343-2597;;8;926.371,00
45;TECNICA CIENTIFICA, S.A. DE C.V.;AV. JARDIN No. 272, COL. TLATILCO C.P. 02860, MEXICO D.F.;5355-0015;5556-1568;TCI6202209F7;;;;;;;;5355-0072;5556-0327;9;91.514,50
46;MORRIS HERMANOS, S.A. DE C.V.;BAHIA DE LA ASCENCIÒN No. 31 COL. VERONICA ANZURES C.P. 11300 MEXICO D.F.;5726-9944;5260-0568;MHE8101021T3;;;;;;;;;;9;1.142.640,00
47;DISTRIBUIDORA CHEVROLET, S.A. DE C.V.;PERIFERICO SUR 6611-D C.P. 16020, MEXICO D.F.;5675-4955;5675-1649;;;;;;;;;5675-1798;5653-6027;10;1.003.000,00
48;PUEBLA AUTOMOTRIZ, S.A. DE C.V.;AV. HERMANOS SERDAN NO. 256 C.P. 72090 C.P. 72090, PUEBLA, PUEBLA.;01 (222) 248-4355;01 (222) 248-9132;PAU790517SV0;;;;;;;;01 (222) 248-4910;;10;2.025.000,00
49;INDUSTRIAS FERBER, S.A. DE C.V.;SAN BORJA No. 627-2 COL. DEL VALLE C.P. 03100 MEXICO D.F.;5575-5207;5575-1150;IFE7712162SA;;;;;;;;5575-5237;5575-1340;11;158.087,00
50;ECOFICINA, S.A. DE C.V.;RIO MIXCOAC No. 97, COL. CREDITO CONSTRUCTOR ENTRE INSURGENTES Y AV. UNIVERSIDAD C.P. 03940 DELEG. BENITO JUAREZ MEXICO, D.F.;5662-5570;5662-5570;ECO961119333;;;;;;;;;;11;53.364,70
51;FOMENTO AUTOMOTRIZ Y SERVICIO AL TRANSPORTE, S.A. DE C.V.;AV. EJERCITO NACIONAL No. 109. COL. VERONICA ANZURES DELEG. MIGUEL HIDALGO C.P. 11300 MEXICO, D.F.;5260-6818;5260-2958;FAS8509247IA;;;;;;;;5260-6077;;11;648.509,00
52;NQ SOLUTIONS, S.A. DE C.V.;AVENIDA PASEO DEL ACUEDUCTO NUM. 99-F, VILLAS DE LA HACIENDA, ATIZAPAN DE ZARAGOZA, ESTADO DE MEXICO, C.P. 52929;5887-8599;;NSO060803V77;;;HECTOR MANUEL PACHECO FLORES;;;;;5819-9568;;11;58.603,40
53;EQUIPOS PESQUEROS DEL PUERTO DE ALVARADO, S.A.;JUAN SOTO No. 23 C.P. 95250, ALVARADO, VERACRUZ;310-25;304-44;EPP820604IQ9;;;;;;;;301-56;;13;524.165,00
54;FIERA.COM MEXICO S. DE R.L. DE C.V.;AV. GRAL. MANUEL AVILA CAMACHO No. 24 6o. PISO COL. LOMAS DE CHAPULTEPEC, MEXICO D.F.;;;FCM000221T20;;;;;;;;;;13;96.094,00
55;QUINTANA ROO AUTOMOTORES, S. A DE C.V.;LIBRAMIENTO KABA X PASEO CHINCHEN ITZA SUPERMANZANA 38 MANZANA 100 LOTES 1Y2 C.P 77507 A. P. 71;19988819898;19988819850;QRA890130AL2;;;;;;;;;;13;2.113.090,00
56;ID PHOTO, S.A. DE C.V.;PALMA NORTE No. 405-E CENTRO HISTORICO MEXICO D.F. C.P. 06010;5518-8092;5518-8092;IPH9504285C7;;;;;;;;5518-8192;5518-0842;14;72.587,20
57;VARIO GRAPHIC CENTER, S.A. DE C.V.;BLVD. PICACHO AJUSCO 881, COL. HEROES DE PADIERNA, C.P. 14200, MEXICO, D.F.;5020-1500;5020-1501;;;;;;;;;;;14;52.019,70
58;MENDEZ MUEBLES DE OFICINA JORGE MANDEZ GARCIA;INSURGENTE SUR 1761 PLAZA ESMERALDA, COL. GUADALUPE INN CP 01020 MEXICO DF;56-61-91-58;56-61-14-25;MEGJ4208162C0;;;;;;;;;;14;61.770,00
59;PENTABIT, S.A. DE C.V.;2DA. CERRADA DE AMEZQUITE NUM. 7, COL. EL MANTO C.P. 09830, DELEGACION IZTAPALAPA, MEXICO D.F.;5686-0484;5686-0484;PEN0602032X8;;;;;;;;;;14;106.875,00
60;COMERCIALIZADORA PARISSI, S.A. DE C.V.;GENERAL JOSE MORAN No. 12 COL. DANIEL GARZA C.P.P 11840;5273-3068;5272-0738;CPA8602219S1;;;;;;;;5273-2329;;15;68.800,00
61;IMPULSORA DE TELECOMUNICACIONES, S.A. DE C.V.;FERNANDO MONTES DE OCA No. 195-A COL. INDEPENDENCIA, C.P. 03630, MEXICO D.F.;5672-3304;5539-6138;ITE960722TC4;;;;;;;;;;15;84.947,00
62;VISSION XXI, S.A. DE C.V.;PROVIDENCIA, NO. 334, INT. 201, COL. DEL VALLE, MEX. D.F. DELEG. BENITO JUAREZ C.P. 03100;55434370;55366431;VXX91090986A;;;;;;;;;;15;144.120,00
63;DIECSA, S.A. DE C.V.;EJERCITO NACIONAL No. 1112, 1ER. PISO, DELEG. MIGUEL HIDALGO C.P. 11510, MEXICO, D.F.;5587-0655;5587-0655;DIE820910A7O;;;;;;;;;;16;76.664,30
64;MENDOZA ULLOA JOSE HECTOR;8A. SUR OTE. NO. 476-A COL. CENTRO;6123588;;MEUH-670501;;;JOSE HECTOR MENDOZA ULLOA;PROPIETARIO;;;;6130285;;16;75.236,70
65;AUTOMOTORES SONI, S.A. DE C.V.;MORAS No. 446, COL. DEL VALLE, DELEG. BENITO JUAREZ C.P. 03210, MEXICO D.F.;5559-5188;5559-5188;ASO890921LZ1;automotores-soni@dchrysler.com.mx;www.automotores-soni.com.mx;;;;;;;;18;3.404.230,00
66;IMPERIO AUTOMOTRIZ DEL SUR, S.A. DE C.V.;AV. PROL. DIVISION DEL NORTE No. 5581 Bo. SAN MARCOS XOCHIMILCO C.P. 16050, MEXICO D.F.;5641-3657;5676-2212;IAS970418VEO;;;;;;;;5555-0226;;18;2.500.000,00
67;SOLUCIONES INTEGRALES PARA REDES Y SISTEMAS DE COMPUTO, S.A. DE C.V.;AV. PATRIOTISMO No. 497 COL. SAN PEDRO DE LOS PINOS, DELEG. BENITO JUAREZ C.P. 03800 MEXICO D.F.;5615-2820;5615-2820;SIR99022694A;ventasmexico@sirscom.com.mx;www.sirscom.com.mx;;;;;;;;18;165.727,00
68;NOVELTECH SISTEMAS INTEGRALES, S.A. DE C.V.;CALLE BOKOBA NO. 483-A COL. PEDREGAL DE SAN NICOLAS C.P. 14100, MEXICO, D.F.;5033-8375;5033-8376;NSI030828CL4;;;;;;;;;;18;73.700,00
69;COMERCIALIZADORA WHITE, S.A. DE C.V.;CENTRAL No. 50 BIS, COL. ATLANTIDA, C.P. 04370 MEXICO, D.F.;5544-3740;5544-6915;CWH960301UN4;;;;;;;;5544-3752;;19;56.765,00
70;MAC COMPUTADORAS, S.A. DE C.V.;AMORES No. 718, COL. DEL VALLE C.P. 03100 MEXICO, D.F.;9140-4600;9140-4600;MCO870617325;;;;;;;;;;19;75.757,40
71;OLIVETTI MEXICANA, S.A.;PONIENTE 152 No. 649, COL. INDUSTRIAL VALLEJO, C.P. 02300, DELEG. AZCAPOTZALCO, MEXICO, D.F.;5333-1300;5333-1300;OME4912205M5;;;;;;;;;;20;133.527,00
72;SISTEMAS E IMPLEMENTOS EMPRESARIALES, S.A. DE C.V.;PATRICIO SANZ No. 745, COL. DEL VALLE C.P. 03100, MEXICO D.F.;5543-2913;5543-1605;SIE900629KR6;;;;;;;;5543-8047;5669-1017;20;81.155,60
73;EQUIPOS DE OFICINA DE VERACRUZ, S.A. DE C.V.;20 DE NOVIEMBRE No. 1061 COL. CENTRO C.P. 91700 VERACRUZ, VER.;01 (229) 931-4142;01 (229) 931-4142,01 (229) 931-5166;EOV8606245U4;;;;;;;;01 (229) 931-5166;;20;72.725,20
74;SISTEMAS COMPUTACIONALES S.A. DE C.V.;PRIMERA NORTE ESQUINA SEGUNDA PONIENTE S/N PUERTO ESCONDIDO, OAXACA;1,95458E+11;;SCP6708211I67;;;IING. JOSE ANTONIO PEÑA;;19545823543;;;;;20;100.000,00
75;COMERCIAL LOJAN, S.A. DE C.V.;HACIENDA DE VISTA HERMOSA No. 12-A SANTA CECILIA C.P. 04970, COYOACAN, MEXICO D,F.;5671-9376;5671-9376;CLO891024LA9;;;;;;;;5671-9356;;24;177.038,00
76;COMPAÑÍA MEXICANA DE RADIO COMUNICACIÓN, S.A. DE C.V.;ANTONIO CARDENAS No. 208, COL. HEROES DE CHURUBUSCO DELEG. IZTAPALAPA, C.P. 09090, MEXICO, D.F.;5785-3510;5762-4559;MRC980325AE6;;;;;;;;;;24;288.645,00
77;BUFETE DE INGENIERIA EN TELECOMUNICACIONES Y SISTEMAS S.A. DE C.V.;JOSE TORIBIO MEDINA No. 130, COL. ALGARIN C.P. 06880 MEXICO D.F.;5519-6365;5519-6365,5519-6943;BIT960408LX3;;www.gpo-bits.com.mx;;;;;;5519-6943;5519-6929;24;896.939,00
78;SISTEMAS AVANZADOS EN COMPUTO, S.A. DE C.V.;NICOLAS SAN JUAN No. 842 PB COL. DEL VALLE, C.P. 03100 MEXICO D.F.;5682-3572;5523-4073;SAC9707119T8;siacsa@prodigy.net.mx;www.e.siacsa.com.mx;;;;;;5543-6010;;26;424.004,00
79;TODNET S.A. DE C.V.;AV. 5 DE MAYONo. 17, DESP. 5, COL. BARRIO LA ASUNCION, C.P. 09000, IZTAPALAPA, MEXICO D.F.;5686-8821;5686-8821;TOD020927JJ3;;;;;;;;;;26;126.775,00
80;GRUPO SIT . S.A. DE C.V.;PROLONGACION DE LA 51 POMIENTE 323 (CIRCUITO JUAN PABLO II), COL. RESIDENCIAL BOULEVARES, C.P. 72440 PUEBLA, PUEBLA.;01 800 713-3283;01 (237) 237-3502;GSI970214N16;gruposit@gemtel.com.mx;;;;;;;;;27;143.865,00
81;SERVICE SUPPORT, S.A. DE C.V.;SAUCO NUM. 112-2 COL. EL ROSARIO, DELEGACION COYOACAN, C.P. 04380, MEXICO, D.F.;5338-4588;;SSU001110UZ9;;;;;;;;5619-8829;;28;113.044,00
82;MARTIN Y OROZCO S.A. DE C.V.;BLVD. 18 SUR 5520, JARDINES DE SAN MANUEL, C.P. 72570 PUEBLA, PUEBLA.;01 ( ) 445565;01 ( ) 445565;MOR880720172;;;;;;;;;;30;282.536,00
83;GMAI ENTERPRISE TECNOLOGY SOLUTIONS, S.A. DE C.V.;COYOACAN NO. 521, CIUDAD DEL SOL, ZAPOPAN, JALISCO C.P. 45050;01 (333) 121 5179;;GET031013P52;;;JUAN FRANCISCO GONZÁLEZ RODRÍGUEZ;;;;;;;30;172.524,00
84;LUIS FELIPE GIL SAHUI;CALLE 42 NO. 528, LOS PINOS, MÉRIDA, YUCATAN. CP. 97138;(01 999) 986 52 08;;GISL621226BT8;;;LUIS FELIPE GIL SAHUI;;;;;;;32;2.436.720,00
85;COMUNICACIÒN ELECTRONICA SISTEMATIZADA, S.A. DE C.V.;ADOLFO PRIETO No. 1351, COL. TLACOQUEMECATL DEL VALLE C.P. 03100 MEXICO, D.F.;5335-0959;5335-0959;CES9205082P1;;;;;;;;;;33;120.537,00
86;FEDERICO VELAZQUEZ GUERRERO;PASEO DE LAS ACACIAS NO. 32, FRACC. PASEOS TAXQUEÑA, COYOACÁN, MEXICO D.F. CP. 04250;(0155) 56895728;;VEGF651122263;;;FEDERICO VELAZQUEZ;;;;;(0155) 56897283;;33;108.304,00
87;ABASTECEDORA ATLANTE, S.A. DE C.V.;GABINO BARREDA No. 139, LOCAL D, COL. SAN RAFAEL, C.P. 06470, MEXICO D.F.;5592-6878;5592-6878,5566-8539;AAT960111SY8;;;;;;;;5566-8539;;34;81.609,00
88;DAYTONA MOTOS S.A. DE C.V.;BLVD. MANUEL AVILA CAMACHO 1824, COL. CD. SATELITE, NAUCALPAN EDO. DE MEX C.P. 43100;53932787;;DMO8712021Q1;;;;;;;;;;35;2.462.540,00
89;DELL COMPUTER DE MEXICO, S.A. DE C.V.;RIO LERMA No. 302, 4o. PISO, COL. CUAYHTEMOC C.P. 06500, MEXICO D.F.;5228-7800;5228-7840;DCM920409963;;www.dell.com/int/la;;;;;;5081-8800;;37;321.463,00
90;GRUPO DIVESIMEX, S.A. DE C.V.;MORELIA No. 38, DESPACHO 505, COL. ROMA C.P. 06700, MEXICO, D.F.;5208-0444;5208-4580;GDI9703136E7;;;;;;;;5208-0888;;38;124.343,00
91;DELEGACION SEMARNAT, TAMAULIPAS;7 Y 8 MATAMOROS. PAL. FED. 2O. PISO. CENTRO CD. VICTORIA TAMPS. C.P. 87001;01 834 3185251;;TAMAULIPAS;;;;;;;;;;39;370.318,00
92;ENERGIA SOLAR DEL PACIFICO, S.A. DE C.V.;PICO DE ORIZABA NO. 11-A , COL. LOMAS DE OCCIPACO, CP. 53247, NAUCALPAN EDO. DE MEX.;0155-53635067;;ESP060607C42;;;;;;;;;0155-52363721;40;86.956,50
93;THERMOKOLD DE MÉXICO, S.A. DE C.V.;34 NO. 471-A X 40 Y 42, COL. JESÚS CARRANZA, MÉRIDA, YUCATAN. C.P. 97109;(01 999) 926 9863;;TME010727UC2;;;ERNESTO JOSÉ MARTÍNEZ LARA;;;;;;;41;82.570,00
94;MADUVE, S.A. DE C.V.;GALEANA 973 PTE., LOCAL E-ALTOS, CUMURIPA, CAJEME, SONORA, C.P. 85140;01 (644) 415 7068;;MAD000426FW1;;;JOSÉ MARÍA CABANILLAS ORTEGÓN;REPRESENTANTE LEGAL;;;;;;42;471.493,00
95;WOODS MUEBLES PARA OFICINA, S.A.;CALLE 8 No. 132-B, COL. LEYES DE REFORMA, C.P. 09340, MEXICO, D.F.;5612-2864;5612-2864,5612-7962;WMO940204V78;;;;;;;;5612-7962;;45;100.947,00
96;MOBEL INTERNACIONAL, S.A. DE C.V.;NEGRA MODELO No. 4-A FRACC. IND. ALCE BLANCO, NAUCALPAN DE JUAREZ, EDO. DE MEX.;5560-2223;5560-2223;MIN710524LB1;;;;;;;;5360-4711;5360-4452;45;212.600,00
97;AUTO GLASS S.A. DE C.V;EJE CENTRAL LAZARO CARDENAS No. 323 COL. PORTALES C.P. 03300, MEXICO D.F.;5539-3713;5539-3713,5532-9503;AGL960207QN4;;;;;;;;5532-9503;5672-5586;47;106.333,00
98;PROVEEDORA DE CAMPOS DE GOLF, S.A. DE C.V.;ANA GARCIA NUM. 60, COL. CARMEN SERDAN C.P. 04910, DELEGACION COYOACAN, MEXICO D.F.;5607-7176;5695-3000;PCG9105283S7;;;;;;;;;;47;2.920.570,00
99;NUEVA WAL MART DE MEXICO, S DE RL DE CV;AV NEXTENGO No 78 COL SANTA CRUZ ACAYUCAN DELEG AZCAPOTZALCO C.P. 02770 MEXICO, D.F.;;;NWM9709244W4;;;;;;;;;;55;60.960,00
100;OFILLAMAS, S.A. DE C.V.;CHIHUAHUA 1677 SUR, COL CAMPESTRE, CD. OBREGON, SONORA;6444124434;6444446142;OFI040727QU5;;;;REPRESENTANTE LEGAL;;;;;;60;116.815,00
101;DYR MEXICANA S.A.DE C.V.;XOLA 170 COL. ALAMOS C.P. 03400;5590-0403;5590-0403,5682-2686;DME911121NJ1;;;;;;;;5682-2686;;62;224.666,00
102;JEVI MUEBLES Y ARTE EN MADERA Y DECORACIONES, S.A. DE C.V.;CALLE MIGUEL HIDALGO MZ. 65 LT. 746, COL. SANTA MARIA AZTAHUACAN, DELEG. IZTAPALAPA , MEXICO D.F. C.P. 09570;56936208;26088884;JMA870902NBA;JEVIARTE@PRODIGY.NET.MX;WWW.JEVIMUEBLESYARTE.COM;;;;;;;;64;275.667,00
103;PRODUCTOS PARA CONSUMO EMPRESARIAL S.A. DE C.V.;PRESIDENTES No. 19 COL. PORTALES C.P. 03570, DELEG. BENITO JUAREZ, MEXICO, D.F.;5672-2209;5672-2209;PCE941219PI1;;;;;;;;;;65;162.605,00
104;OFFICEMEX, S.A. DE C.V.;AVE. DE LA REFORMA NO. 229 PRADOS DEL CENTENARIO, HERMOSILLO, SONORA;662-2172884;662-2172894;OME0010235YA;;;HECTOR;REPRESENTANTE LEGAL;;;;;;66;72.051,50
105;OFFICE DEPOT DE MEXICO, S.A. DE C.V.;AV. JARDIN No. 245, COL. TLATILCO C.P. 02860, MEXICO D.F.;;;ODM950324V2A;;www.officedepot.com.mx;;;;;;;;67;89.948,60
106;CLISA FERNANDO ERNESTO HERNANDEZ SANCHEZ;NORTE NUM. 80 COL. MALINCHE DEL. GUSTAVO A. MADERO;10557727;;HESF5306272N3;ernesto.hernandez@menegrad.com;;FERNANDO ERNESTO HERNANDEZ SANCHEZ;;;;;;;70;242.576,00
107;GMAI ENTERPRISE TECHNOLOGY SOLUTIONS, S.A. DE C.V.;AVENIDA COYOACAN NO. 521 CIUDAD DEL SOL, ZAPOPAN JALISCO;33-31225443;33-31225439;GET031013P52;;;FRANCISCO GONZALEZ;REPRESENTANTE LEGAL;;;;;;71;435.318,00
108;TELEMATICA LEFIC, S.A. DE C.V.;MARINA NACIONAL NUM. 121 1ER. PISO COL. ANAHUAC, DELEGACION. M. HIDALGO C.P. 11320, MEXICO D.F.;53994848;;TLE931001GT5;;WWW.GRUPOLEFIC.COM.MX;;;;;;;;72;216.377,00
109;AMERIMEX TECNOLOGIA, S.A. DE C.V.;BACHOCO NO. 14, FRACCIONAMIENTO BACHOCO, HERMOSILLO, SONORA;662-2113678;662-2110797;ATE030624UK8;amerimex@hmo.megared.net.mx;;ROBERTO AGUAYO;DIRECTOR;;;;;;73;218.379,00
110;EQUIPOS INDUSTRIALES DEL SURESTE, S.A. DE C.V.;CALLE 54 NUMERO 375 POR 35 Y 37, COL. CENTRO, MERIDA YUCATAN.;19999276332;19999268911;EIS8406089X4;;;CARLOS BEITIA;VENTAS;;;;;;83;353.502,00
111;PROVEEDOR Y DISTRIBUIDOR DE SUMINISTROS, S.A DE C.V.;MORELIA NO. 38, 102. COL. ROMA C.P. 06700, MEX. D.F.;5525-7208;;PDS030314KK8;;;;;;;;;;86;289.316,00
112;MANUFACTURAS Y DISTRIBUCIONES RB, S.A. DE C.V.;12 DE OCTUBRE NO. 146 ENTRE CAMPECHE Y TABASCO, HERMOSILLO SONORA;662-2157400;662-2153336;MDR0207081W4;rbventas@hmo.megared.net.mx;;LUIS CARLOS ROSAS;REPRESENTANTE LEGAL;;;;;;96;2.182.210,00
113;GRUPO KADOSH, LUCIA LETICIA CRUZ GONZALEZ;LINDERO No. 3-A COL. RESIDENCIAL COAPA DELEG. TLALPAN C.P. 14390 MEXICO D.F.;;;CUGL6312131G4;;;;;;;;;;137;138.159,00
114;SELECTRO, S.A. DE C.V.;ENRIQUE GARCIA SANCHEZ Y SAN LUIS POTOSI S/N, HERMOSILLO SONORA;662-2100518;662-2151989;SEL910502V89;;;GUSTAVO VALDEZ;REPRESENTANATE LEGAL;;;;;;138;1.236.040,00
115;RAMPA PRODUCCIONES, S.A. DE C.V.;LATERAL VIADUCTO TALAPAN No. 4786, BARRIO DEL NIÑO JESUS, TLALPAN MEXICO D.F. C.P. 14080;5655-0111;5655-0111;RPC930426RM4;;;;;;;;;;142;490.278,00
116;IVÁN DMMTRI BECERRIL MONDRAGÓN;JAZMIN MZ. 11, LT 13, SM 524 RESIDENCIAL SANTA FE, BENITO JUÁREZ, Q. ROO. C.P. 77500;(01 998) 865 4848;;BEMI741021PE2;;;IVÁN DMMTRI BECERRIL MONDRAGÓN;;;;;;;188;1.154.380,00
117;GRUPO TUNGSTEN, S.A. DE C.V.;AV. PATRIOTISMO No. 516 COL. SAN PEDRO DE LOS PINOS, DELEG. BENITO JUAREZ C.P. 03800 MEXICO D.F.;5563-5427;5563-5427;GTU040211J23;;;;;;;;5615-9283;5615-7354;237;294.335,00
118;TECHNOLOGY SYSTEM, VALLE PRECIADO GUILLERMO;1ERA. DE DOMINGO RIOS 1 COL. VICENTE GUERRERO C.P. 09200, DELEG. IZTAPALAPA, MEXICO D.F.;5613-0668;5613-0668;VAPG690317465;;;;;;;;;;359;336.844,00
119;COMUNICACIÓN CENTRAL, S.A. DE C.V.;CALLE JUAREZ No. 81, COL. SAN LUCAS TEPETLACALCO C.P. 54055, TLALNEPANTLA, EDO. DE MEX.;5363-0143;5363-1308;CCE940324THA;;;;;;;;;;364;5.978.980,00
120;GAMA TOTAL S.A. DE C.V.;5-A, NO. 337, DEPTO. 2 X 40 Y 42 (1-A) COL. FOVISSTE, MÉRIDA, YUCATÁN C.P.;(01 999) 987 4106;;GTO010302M43;;;CARLOS LAVALLE TORRES;GERENTE GRAL;;;;;;368;2.131.900,00
121;DONACION;SIN ESPECIFICAR QUIEN DONO EL EQUIPO;1111111;;DONACION;;;;;;;;;;447;1.841.840,00
122;LD I ASSOCIATS, S.A. DE C.V.;AV. CLAVERIA 123, COL. CLAVERIA, C.P. 02080, MEXICO D.F.;8595-2000;;LIA9708133A3;ldiassociats@ldi.com.mx;www.ldi.com.mx;;;;;;8595-2100;;457;1.392.600,00
123;PRODUCTOS METALICOS STEELE, S.A. DE C.V.;LAGO ALBERTO No. 282, COL. ANAHUAC C.P. 11320, MEXICO D.F.;5203-6400;5545-0390;PMS811203QE6;;;;;;;;;;585;714.524,00
124;FOCUS ON SERVICES, S.A. DE C.V.;LAGOS DE MORENO No. 724, SAN FELIPE DE JESUS, MEXICO, D.F. C.P. 07510;5234-4227;5234-4228;FOS000306HXA;;;;;;;;5236-3494;5236-3491;687;8.352.220,00
125;TORRES POLO JOSÉ ALBERTO;PALENQUE No.16-3 COL. NARVARTE DELEG. BENITO JUÁREZ MÉXICO, D.F. C.P.03020;55-30-94-56;;TOPA-640407-7N6;sellostorres@cablevision.net.mx;;TORRES PLO JOSÉ ALBERTO;REPRESENTANTE LEGAL;044-55-18-26-26-93;;sellostorres@cablevision.net.mx;;;;
126;TÉCNICA COMERCIAL VILSA ,S.A. DE C.V.;MONTECITO No.38 PISO 23 OFICINA 35 COL. NÁPOLES DELEG. BENITO JUÁREZ C.P.03810 MÉXICO, D.F.;55-88-29-53;54-88-29-01;TCV-821011-Q66;;;TELÉ MARKETING;DEPARTAMENTO DE VENTAS;54-88-29-53;;;5488-29-54;;;
127;VIC ELECTRONICA, S.A. DE C.V.;BUEN TONO No.159 COL. INDUSTRIAL MÉXICO, D.F. C.P. 07800;55-37-36-91;55-10-26-42;VEL-880927-3C6;;;TELÉ MARKETING;DEPARTAMENTO DE VENTAS;55-37-36-91;;;55-18-72-98;;;
128;TALLERES GRAFICOS DE MÉXICO;AV. CANAL DEL NORTE No.80 COL. FELIPE PESCADOR DELEG. CUAUHTEMOC, C.P. 06280;57-89-90-11;;TGM-990109-718;tgdemex@tgm.com.mx;;MARICARMEN MERA RENTERÍA;DEPARTAMENTO DE VENTAS;57-89-90-11;;maricarmen.mera@tgm.com.mx;57-04-74-00;;;
129;MENDOZA AVILES VICTOR;FELIX GUZMAN No.22 COL. EL PARQUE NAUCALPAN DE JUÁREZ EDO. DE MÉXICO  C.P.53398;53-95-19-12;;MEAV-770904-PM4;;;MENDEZ AVILES VICTOR;REPRESENTANTE LEGAL;53-95-19-12;;;;;;
130;PRODUCCIONES BILBATUA,S.A. DE C.V.;HERIBERTO FRIAS No.1145 2o.PISO COL. DEL VALLE MÉXICO, D.F. C.P.03100;55-59-44-48;55-59-58-66;PBI-010323-6F9;;;DEMETRIO BILBATUA RODRIGUEZ;REPRESENTANTE LEGAL;55-59-44-48;;;55-59-5412;;;
131;ASPEL DESARROLLOS,S.A. DE C.V.;CARRETERA PICACHO AJUSCO No.130 DESP. 204 COL. JARDINES EN LA MONTAÑA DELEG. TLALPAN MÉXICO, D.F. C.P.14210;56-31-45-80;56-31-45-80;ADE-990526-HDA;;;FERNANDO MORALES PAREDES;DIRECTOR;56-31-45-80;;;56-31-45-80;;;
132;EDITORIAL DEL DEPORTE MÉXIANO,S.A. DE C.V.;VAN DYCK No.105 COL. SANTA MARIA NONOALCO, MIXCOAC DELEG. ALVARO OBREGÓN MÉXICO, D.F. C.P.01420;56-11-59-66;55-63-79-80;EDM-970220-RG0;frobles@edm.com.mx;;FERNANDO ROBLES;DIRECTOR GENERAL;56-11-59-66;;robleshs@gmail.com;55-63-79-80;;;
133;FRIDMAY,S.A. DE C.V.;UNIVERSIDAD No.461 COL. NARVARTE MÉXICO, D.F. C.P.03020;52-19-17-77;;FRI-000628-2Q0;;;TELÉ MARKETING;DEPARTAMENTO DE VENTAS;52-19-17-77;;;;;;
134;NOVELTECH SISTEMAS INTEGRALES,S.A. DE C.V.;CALLE BOKODA No.483-A COL. PEDREGAL DE SAN NICOLAS MÉXICO, D.F. C.P.14100;50-33-83-75;50-33-83-76;NSI-030828-CL4;viviana_mendoza@noveltech.com.mx;;VIVIANA MENDOZA ABURTO;EJECUTIVA DE VENTAS;50-33-83-75;044-55-28-47-23-66;viviana_mendoza@noveltech.com.mx;;;;
135;ESTAFETA MEXICANA,S.A. DE C.V.;HAMBURGO 213 PISO 14 COL. JUÁREZ MÉXICO, D.F. C.P.06600;01-800-90-33-500;52-70-83-00;EME-880309-SK5;;;TELÉ MARKETING;DEPARTAMENTO DE VENTAS;;;;;;;
136;BOWMAN TECNOLOGIES ,S.A. DE C.V.;FLORENCIA No.57 PISO 5 COL. JUÁREZ DELEG. CUAUHTEMOC, MÉXICO, D.F. C.P.06600;52-42-58-21;55-25-77-98;SCS-020320-M38;jcarrillo@bowmantec.com;;JORGE MARIO CARRILLO BETANCOURT ;DEPARTAMENTO DE VENTAS;52-42-58-21;;jcarrillo@bowmantec.com;;;;
137;EMEPUNTO,S.A. DE C.V.;TEODORO L. SANTA CRUZ  MANZ. 104 LT. 14 COL. AMPLIACIÓN GABRIEL HERNANDEZ, MÉXICO, D.F. C.P.07080;55-38-51-03;25-84-79-28;EME-030227-AE3;;;RODRIGO MOSIG ZAMBRANO;DEPARTAMENTO DE VENTAS;55-38-51-03;;;25-84-79-28;;;
138;LOGICA EN MEDIOS,S.A. DE C.V.;AMORES No.708 COL. DEL VALLE MEXICO, D.F. C.P.03100 ;55-23-69-42;;LME-020417-SU5;info@medialog.com.mx;;EDITH MARTÍN DEL CAMPO SÁNCHEZ;DEPARTAMENTO DE VENTAS;55-23-69-42;;;;;;
139;DELMO COMUNICACIONES,S.A. DE C.V.;TEHUANTEPEC No.149 INT. 1 COL. ROMA SUR DEL.CUAUHTEMOC, MÉXICO, D.F. ;56-79-18-81;;DCO-031203-RS5;;;TELÉ MARKETING;DEPARTAMENTO DE VENTAS;;;;;;;
140;HERNANDEZ UGALDE AMELIA;CERRADA TÉCNICOS Y MANUALES 19-52 COL. LOMAS ESTRELLA DELEGACIÓN IZTAPALAPA, MEXICO, D.F. C.P.09890;54-43-77-53;54-43-77-54;HUEA-730908-AM1;;;HERNANDEZ UGALDE AMELIA;REPRESENTANTE LEGAL;54-43-77-53;54-43-77-54;;;;;
141;PROMETRIC TECHNOLOGIES,S.A. DE C.V.;MANUEL MATEOS 2-2 CENTRO TEQUISQUIAPAN QRO. ;;;;;;;;;;;;;;
